City,Latitude,Longitude,Country,Temperate (°C),Min Temp(°C),Max Temp(°C),Humidity,Cloudiness,windspeed
Ushuaia,-54.8,-68.3,AR,0.0,0.0,0.0,90,40,4.1
Rikitea,-23.12,-134.97,PF,22.66,22.66,22.66,84,100,7.15
Mataura,-46.19,168.86,NZ,6.49,6.49,6.49,90,93,1.49
Srīvardhan,18.03,73.02,IN,25.67,25.67,25.67,91,100,1.81
Whitehorse,60.72,-135.05,CA,12.46,9.44,14.0,54,75,4.1
Adré,13.47,22.2,TD,25.91,25.91,25.91,62,46,3.36
Yangi Marg`ilon,40.43,71.72,UZ,31.0,31.0,31.0,27,45,3.1
Tiksi,71.69,128.87,RU,5.98,5.98,5.98,93,100,3.25
Sumenep,-7.02,113.87,ID,30.07,30.07,30.07,64,18,6.87
Rupert,42.62,-113.68,US,18.0,18.0,18.0,23,1,5.7
Saint Anthony,45.02,-93.22,US,25.53,25.0,26.11,61,75,6.7
Hilo,19.73,-155.09,US,20.07,9.44,26.0,69,90,1.5
Talnakh,69.49,88.4,RU,13.0,13.0,13.0,76,75,6.0
Hermanus,-34.42,19.23,ZA,7.78,7.78,7.78,85,90,2.68
Haines Junction,60.75,-137.51,CA,10.25,10.25,10.25,67,100,1.66
São Filipe,14.9,-24.5,CV,25.04,25.04,25.04,85,48,0.31
Sydney,-33.87,151.21,AU,14.41,13.89,15.56,77,40,13.4
Port Alfred,-33.59,26.89,ZA,12.36,12.36,12.36,54,45,15.61
Busselton,-33.65,115.33,AU,14.07,11.67,16.11,45,56,7.63
Tezu,27.92,96.17,IN,30.64,30.64,30.64,72,56,2.1
Bambous Virieux,-20.34,57.76,MU,24.74,24.44,25.0,69,40,9.3
Qaanaaq,77.48,-69.36,GL,4.44,4.44,4.44,75,15,1.41
Jinka,5.65,36.65,ET,20.08,20.08,20.08,69,75,2.25
Puerto Ayora,-0.74,-90.35,EC,19.44,19.44,19.44,93,16,3.08
Ostrovnoy,68.05,39.51,RU,10.67,10.67,10.67,68,43,3.45
Ponta do Sol,32.67,-17.1,PT,19.0,17.78,20.56,76,3,1.6
Beyneu,45.32,55.2,KZ,38.83,38.83,38.83,15,0,6.29
Mchinji,-13.8,32.88,MW,16.81,16.81,16.81,62,1,1.51
Flinders,-34.58,150.86,AU,14.21,13.89,14.44,78,82,3.58
Denpasar,-8.65,115.22,ID,28.0,28.0,28.0,88,20,9.3
Albany,42.6,-73.97,US,20.01,19.44,20.56,81,21,2.76
Bandarbeyla,9.49,50.81,SO,29.72,29.72,29.72,51,97,12.2
Lebu,-37.62,-73.65,CL,8.27,8.27,8.27,77,1,1.57
Bluff,-46.6,168.33,NZ,8.93,8.93,8.93,76,90,4.75
Yellowknife,62.46,-114.35,CA,13.63,12.78,14.0,93,90,8.7
Shunyi,40.12,116.65,CN,35.73,33.0,38.33,43,20,3.0
New Norfolk,-42.78,147.06,AU,8.5,6.67,10.0,79,8,1.07
Genhe,50.78,121.52,CN,30.75,30.75,30.75,32,89,2.27
Punta Arenas,-53.15,-70.92,CL,0.77,0.56,1.0,88,99,2.1
Abhā,18.22,42.51,SA,24.0,24.0,24.0,29,7,2.6
Chapais,49.78,-74.85,CA,14.0,14.0,14.0,82,1,2.1
Clyde River,70.47,-68.59,CA,11.0,11.0,11.0,62,90,1.0
Alice Springs,-23.7,133.88,AU,18.0,18.0,18.0,25,0,5.1
Molde,62.74,7.16,NO,12.0,12.0,12.0,76,75,2.6
Saldanha,-33.01,17.94,ZA,10.0,10.0,10.0,71,71,3.6
Nanortalik,60.14,-45.24,GL,6.29,6.29,6.29,92,100,2.96
Develi,38.39,35.49,TR,21.0,21.0,21.0,56,0,4.6
Avarua,-21.21,-159.78,CK,20.0,20.0,20.0,60,100,2.1
Port Elizabeth,-33.92,25.57,ZA,9.0,9.0,9.0,76,20,10.8
Yangambi,0.81,24.43,CD,22.58,22.58,22.58,89,99,1.19
Saskylakh,71.92,114.08,RU,23.72,23.72,23.72,34,45,3.92
Chokurdakh,70.63,147.92,RU,18.74,18.74,18.74,32,47,8.01
Padang,-0.95,100.35,ID,29.45,29.45,29.45,62,100,1.72
Tuatapere,-46.13,167.68,NZ,7.41,7.41,7.41,82,86,2.18
Tuktoyaktuk,69.45,-133.04,CA,15.0,15.0,15.0,62,20,4.1
Kapaa,22.08,-159.32,US,22.38,21.67,24.0,88,90,10.8
Wapi Pathum,15.85,103.38,TH,32.0,32.0,32.0,66,40,2.6
Dargaville,-35.93,173.88,NZ,12.52,12.52,12.52,89,92,2.15
Arraial do Cabo,-22.97,-42.03,BR,22.49,22.49,22.49,71,7,2.76
Hong Kong,22.29,114.16,HK,34.54,33.33,36.11,61,13,4.92
Klaksvík,62.23,-6.59,FO,9.0,9.0,9.0,100,98,3.1
Shingū,33.73,135.98,JP,23.0,23.0,23.0,100,75,4.1
Upernavik,72.79,-56.15,GL,4.44,4.44,4.44,89,100,9.74
Gobārdānga,22.87,88.76,IN,33.0,33.0,33.0,89,75,3.1
Lagan,45.39,47.37,RU,29.5,29.5,29.5,52,73,7.81
Pozhva,59.09,56.08,RU,23.63,23.63,23.63,64,4,3.32
Belmonte,-15.86,-38.88,BR,20.0,20.0,20.0,94,94,1.0
Nome,64.5,-165.41,US,11.49,10.56,13.33,76,1,7.2
East London,-33.02,27.91,ZA,14.0,14.0,14.0,45,0,8.2
Havre-St-Pierre,50.23,-63.6,CA,12.0,12.0,12.0,71,90,4.1
Ixtapa,20.7,-105.2,MX,28.0,28.0,28.0,83,75,1.5
Bredasdorp,-34.53,20.04,ZA,8.0,8.0,8.0,93,99,7.2
Isla Vista,34.41,-119.86,US,16.84,16.67,17.78,82,1,3.1
Tura,25.52,90.22,IN,29.08,29.08,29.08,80,90,3.38
Barrow,71.29,-156.79,US,2.0,2.0,2.0,80,90,5.1
Deputatsky,69.3,139.9,RU,10.9,10.9,10.9,98,100,2.96
Pevek,69.7,170.31,RU,6.94,6.94,6.94,71,6,1.74
Zhigansk,66.77,123.37,RU,22.65,22.65,22.65,43,9,2.86
Cape Town,-33.93,18.42,ZA,9.55,8.89,10.0,66,75,3.6
Safi,32.3,-9.24,MA,21.11,21.11,21.11,90,16,5.49
Ambon City,-3.7,128.18,ID,25.65,25.0,26.11,94,75,2.1
Mounana,-1.41,13.16,GA,21.0,21.0,21.0,100,75,1.5
Bethel,41.37,-73.41,US,20.76,19.44,22.0,68,75,1.5
Anadyr,64.75,177.48,RU,10.0,10.0,10.0,93,75,5.0
Karpathos,35.51,27.21,GR,25.0,25.0,25.0,69,20,15.9
Airai,-8.93,125.41,TL,21.23,21.23,21.23,61,14,2.47
Akropong,5.97,-0.09,GH,24.0,24.0,24.0,94,75,6.2
Jamestown,42.1,-79.24,US,15.61,14.44,16.11,82,1,2.1
Honiara,-9.43,159.95,SB,27.0,27.0,27.0,83,75,3.1
Geraldton,-28.77,114.6,AU,19.0,19.0,19.0,55,90,6.2
Vaini,-21.2,-175.2,TO,22.0,22.0,22.0,78,40,4.6
Thompson,55.74,-97.86,CA,15.0,15.0,15.0,100,75,1.0
Zhengjiatun,43.51,123.51,CN,32.44,32.44,32.44,36,92,3.7
Mar del Plata,-38.0,-57.56,AR,4.11,3.89,4.44,69,40,4.6
Oyem,1.6,11.58,GA,20.04,20.04,20.04,98,95,0.93
Hongjiang,27.11,110.0,CN,35.32,35.32,35.32,49,88,3.69
Chisec,15.82,-90.28,GT,21.98,21.98,21.98,88,59,0.84
Gdańsk,54.35,18.65,PL,14.29,13.89,15.0,82,0,2.6
Hasaki,35.73,140.83,JP,24.95,23.89,26.11,94,75,1.5
Houma,29.6,-90.72,US,24.53,24.0,25.0,100,1,2.73
Srednekolymsk,67.45,153.68,RU,21.73,21.73,21.73,33,89,5.01
Butaritari,3.07,172.79,KI,27.21,27.21,27.21,78,97,6.01
Conde,-7.26,-34.91,BR,21.28,21.28,21.28,87,23,2.16
Cayenne,4.93,-52.33,GF,24.0,24.0,24.0,100,1,2.71
Nikolskoye,59.7,30.79,RU,16.58,16.11,17.0,63,40,4.0
Sebezh,56.3,28.47,RU,15.64,15.64,15.64,62,0,2.81
Hegang,47.4,130.37,CN,29.71,29.71,29.71,56,6,1.76
Constitución,-35.33,-72.42,CL,10.68,10.68,10.68,77,54,2.73
Yerbogachën,61.28,108.01,RU,26.26,26.26,26.26,43,78,2.01
Bela Cruz,-3.05,-40.17,BR,21.46,21.46,21.46,87,42,3.26
Whitianga,-36.83,175.7,NZ,13.89,13.89,13.89,96,95,1.51
Souillac,-20.52,57.52,MU,25.0,25.0,25.0,69,40,9.3
Hirado,33.36,129.55,JP,23.94,23.89,24.0,78,75,3.1
Kroya,-7.63,109.25,ID,29.38,29.38,29.38,68,37,5.63
Distrikt Brokopondo,4.75,-55.17,SR,23.8,23.8,23.8,88,1,1.26
Mpongwe,-13.51,28.16,ZM,14.91,14.91,14.91,63,0,1.61
Tonj,7.27,28.68,SS,24.07,24.07,24.07,86,56,1.01
Saint-Philippe,-21.36,55.77,RE,22.74,18.89,25.0,57,61,2.1
Praia da Vitória,38.73,-27.07,PT,19.0,19.0,19.0,88,20,3.23
Brainerd,46.36,-94.2,US,21.34,20.0,23.0,88,1,2.43
Lorengau,-2.02,147.27,PG,29.01,29.01,29.01,70,48,2.68
Menomonie,44.88,-91.92,US,22.61,22.0,23.33,68,40,4.1
Labytnangi,66.66,66.42,RU,14.78,14.78,14.78,54,77,7.25
Henties Bay,-22.12,14.28,NA,11.11,11.11,11.11,94,0,3.39
Saint Paul Harbor,57.79,-152.41,US,14.0,14.0,14.0,71,90,2.1
Codrington,-38.27,141.97,AU,12.32,12.32,12.32,76,15,3.99
Khatanga,71.97,102.5,RU,23.36,23.36,23.36,38,89,2.94
Cherskiy,68.75,161.3,RU,16.96,16.96,16.96,42,92,5.88
Sechura,-5.56,-80.82,PE,17.74,17.74,17.74,83,65,5.11
Hobart,-42.88,147.33,AU,9.74,9.0,10.0,76,75,1.5
Plettenberg Bay,-34.05,23.37,ZA,9.96,9.96,9.96,78,97,8.68
Khandyga,62.67,135.6,RU,28.56,28.56,28.56,43,10,2.91
Wajima,37.4,136.9,JP,21.0,21.0,21.0,100,75,3.6
Kefamenanu,-9.45,124.48,ID,25.84,25.84,25.84,58,18,5.49
Xalapa,19.53,-96.92,MX,15.89,15.89,15.89,79,12,1.98
Peresichna,50.02,35.98,UA,17.0,17.0,17.0,93,75,5.0
Vanimo,-2.67,141.3,PG,28.03,28.03,28.03,78,52,2.89
Marzuq,14.4,46.47,YE,29.28,29.28,29.28,45,56,1.92
Banff,51.18,-115.57,CA,8.33,8.33,8.33,57,19,1.79
Stavern,59.0,10.03,NO,13.51,13.0,13.89,100,75,3.6
Bathsheba,13.22,-59.52,BB,27.0,27.0,27.0,83,40,5.7
Dubuque,42.48,-90.87,US,20.85,20.0,22.22,88,1,5.7
Shumskiy,54.83,99.13,RU,27.96,27.96,27.96,48,93,1.2
Marsá Maţrūḩ,31.35,27.25,EG,24.0,24.0,24.0,83,0,4.6
Nemuro,43.32,145.57,JP,16.0,16.0,16.0,82,75,4.1
Carnarvon,-24.87,113.63,AU,24.0,24.0,24.0,57,40,5.7
Coyhaique,-45.58,-72.07,CL,-1.0,-1.0,-1.0,92,82,1.0
Castro,-24.79,-50.01,BR,15.55,15.55,15.55,95,32,1.76
Riyadh,24.69,46.72,SA,39.0,39.0,39.0,13,25,4.1
Celestún,20.87,-90.4,MX,27.38,27.38,27.38,75,1,6.2
Waynesville,35.49,-82.99,US,17.23,16.67,17.78,69,2,0.63
Sørland,67.67,12.69,NO,12.0,12.0,12.0,81,24,29.8
Vila Velha,-20.33,-40.29,BR,18.0,18.0,18.0,93,0,1.0
Karlstad,59.38,13.5,SE,13.79,13.0,14.44,87,100,2.6
Guerrero Negro,27.98,-114.06,MX,21.03,21.03,21.03,77,0,6.4
Masindi,1.67,31.71,UG,20.86,20.86,20.86,85,61,0.26
Saint-Leu,-21.15,55.28,RE,23.4,21.11,25.0,57,2,2.1
Burla,21.5,83.87,IN,30.0,30.0,30.0,74,75,2.1
Ancud,-41.87,-73.82,CL,2.27,1.0,3.89,100,100,1.0
Bossier City,32.52,-93.73,US,28.48,26.67,30.0,74,1,3.82
Örnsköldsvik,63.29,18.72,SE,14.0,14.0,14.0,76,2,1.5
Ribeira Grande,38.52,-28.7,PT,20.43,20.43,20.43,76,25,2.47
Puerto Escondido,15.85,-97.07,MX,26.03,26.03,26.03,80,1,2.21
Cidreira,-30.18,-50.21,BR,8.89,8.89,8.89,67,1,6.38
Hofn,64.25,-15.21,IS,10.56,10.56,10.56,79,100,2.32
Panguna,-6.32,155.48,PG,23.78,23.78,23.78,90,91,0.15
La Ronge,55.1,-105.28,CA,13.0,13.0,13.0,82,40,3.6
Mahébourg,-20.41,57.7,MU,25.0,25.0,25.0,69,40,9.3
Shelbyville,35.48,-86.46,US,19.47,18.89,20.0,100,1,1.82
Harper,4.38,-7.72,LR,24.01,24.01,24.01,84,100,5.14
Sarankhola,22.31,89.79,BD,29.19,29.19,29.19,83,99,5.03
Leningradskiy,69.38,178.42,RU,3.97,3.97,3.97,84,99,4.5
Panjāb,34.39,67.02,AF,22.15,22.15,22.15,22,0,2.4
Mpanda,-6.37,31.04,TZ,20.73,20.73,20.73,44,16,2.17
Buala,-8.14,159.59,SB,28.69,28.69,28.69,69,73,2.17
Marawi,8.0,124.29,PH,28.89,28.89,28.89,79,95,2.68
Dingle,11.0,122.67,PH,32.08,32.08,32.08,60,34,1.47
Charter Township of Clinton,42.59,-82.92,US,16.91,15.56,18.89,100,1,2.1
Haimen,23.19,116.61,CN,38.0,38.0,38.0,47,20,1.0
Kudahuvadhoo,2.67,72.89,MV,29.18,29.18,29.18,65,34,1.41
Kahului,20.89,-156.47,US,23.5,21.11,27.0,61,1,6.7
Bobrovka,54.05,61.75,RU,27.86,27.86,27.86,53,76,3.32
Husavik,66.04,-17.34,IS,10.0,10.0,10.0,93,90,1.0
Shubarkuduk,49.14,56.49,KZ,33.72,33.72,33.72,20,23,6.4
Matagami,49.75,-77.63,CA,11.0,11.0,11.0,87,1,1.34
Horqueta,-23.34,-57.06,PY,16.63,16.63,16.63,87,95,2.89
Hambantota,6.12,81.12,LK,32.0,32.0,32.0,66,40,6.2
Lagoa,39.05,-27.98,PT,19.98,19.98,19.98,78,13,2.53
Bend,44.06,-121.32,US,15.81,13.89,18.0,49,1,3.6
São Félix do Xingu,-6.64,-51.99,BR,19.96,19.96,19.96,60,49,0.28
Sarkand,45.41,79.92,KZ,25.17,25.17,25.17,34,0,3.73
Arawa,-6.21,155.54,PG,28.14,28.14,28.14,72,93,0.74
Kaitangata,-46.28,169.85,NZ,7.78,7.78,7.78,72,85,1.34
Saint George,37.1,-113.58,US,33.0,33.0,33.0,16,1,2.6
Saint-Joseph,-21.37,55.62,RE,22.96,19.44,25.0,57,40,2.1
Aklavik,68.22,-135.01,CA,16.0,16.0,16.0,59,75,2.1
Teahupoo,-17.83,-149.27,PF,23.94,23.89,24.0,94,75,3.1
Makokou,0.57,12.86,GA,20.79,20.79,20.79,96,69,1.28
Zeya,53.75,127.27,RU,36.38,36.38,36.38,23,51,1.93
Bengkulu,-3.8,102.27,ID,30.17,30.17,30.17,64,99,3.33
Isangel,-19.55,169.27,VU,26.0,26.0,26.0,69,75,2.6
Aburi,5.85,-0.18,GH,24.0,24.0,24.0,94,75,6.2
Mombetsu,44.35,143.35,JP,17.0,17.0,17.0,82,75,3.6
Ilulissat,69.22,-51.1,GL,6.0,6.0,6.0,87,100,4.1
Atuona,-9.8,-139.03,PF,26.38,26.38,26.38,79,39,7.58
Temecula,33.49,-117.15,US,18.29,16.67,20.56,68,1,0.88
Campo Grande,-20.44,-54.65,BR,18.0,18.0,18.0,88,5,1.5
Ust-Tsilma,65.44,52.15,RU,15.87,15.87,15.87,59,98,2.02
Mishkino,55.34,63.92,RU,27.89,27.89,27.89,56,21,2.43
kimparana,12.83,-4.92,ML,23.56,23.56,23.56,86,100,4.29
Rafaela,-31.25,-61.49,AR,3.54,2.22,4.44,51,0,0.17
Margherita,27.28,95.68,IN,30.0,30.0,30.0,79,75,1.5
Carutapera,-1.2,-46.02,BR,23.54,23.54,23.54,93,39,2.0
Talitsa,56.88,60.02,RU,32.0,32.0,32.0,35,1,4.0
Sabzawār,36.21,57.68,IR,33.96,33.96,33.96,14,2,4.41
George Town,5.41,100.34,MY,30.63,30.0,31.0,74,20,3.1
Evensk,61.95,159.23,RU,14.08,14.08,14.08,81,52,3.28
Sola,-13.88,167.55,VU,27.0,27.0,27.0,83,75,2.1
Fortuna,40.6,-124.16,US,10.6,10.0,11.67,93,1,0.27
Mangai,-4.05,19.53,CD,23.06,23.06,23.06,84,71,0.37
Verkhnevilyuysk,63.45,120.32,RU,26.3,26.3,26.3,45,29,1.19
Qaqortoq,60.72,-46.03,GL,8.0,8.0,8.0,81,100,1.5
Taltal,-25.4,-70.48,CL,11.79,11.79,11.79,72,23,0.7
Tiznit Province,29.58,-9.5,MA,21.6,21.6,21.6,61,0,0.72
Te Anau,-45.42,167.72,NZ,3.89,3.89,3.89,87,19,0.3
Sinnamary,5.38,-52.95,GF,24.96,24.96,24.96,86,25,2.62
Longyearbyen,78.22,15.64,SJ,7.0,7.0,7.0,87,75,3.1
Dongsheng,39.82,109.98,CN,27.2,27.2,27.2,32,35,1.56
Chifeng,42.27,118.96,CN,29.28,29.28,29.28,34,100,3.5
Voznesen'ye,61.01,35.48,RU,16.96,16.96,16.96,61,35,3.36
Katangli,51.71,143.23,RU,14.53,14.53,14.53,80,67,4.26
Mtama,-10.3,39.37,TZ,23.86,23.86,23.86,66,57,1.96
Karaton,-6.34,106.1,ID,33.0,33.0,33.0,63,40,6.2
Lamu,-2.27,40.9,KE,26.48,26.48,26.48,74,7,7.37
Makakilo City,21.35,-158.09,US,25.93,24.0,27.0,65,1,2.6
Chui,-33.7,-53.46,UY,2.46,2.46,2.46,79,0,4.84
Bubaque,11.28,-15.83,GW,27.12,27.12,27.12,80,100,7.81
Moosburg,48.47,11.93,DE,12.85,12.78,13.0,87,94,0.5
Pangnirtung,66.15,-65.71,CA,10.61,10.61,10.61,56,92,1.84
Tommot,58.96,126.29,RU,25.66,25.66,25.66,71,77,1.72
Broome,42.25,-75.83,US,15.14,14.44,16.11,87,1,2.1
Pacific Grove,36.62,-121.92,US,13.8,13.33,15.0,82,90,3.1
Korla,41.76,86.15,CN,30.66,30.66,30.66,17,70,2.09
Sergeevka,53.88,67.42,KZ,27.3,27.3,27.3,56,0,0.66
San Quintín,30.48,-115.95,MX,20.76,20.76,20.76,80,25,5.11
Saint-François,46.42,3.91,FR,11.0,11.0,11.0,81,51,0.5
Natal,-5.79,-35.21,BR,20.0,20.0,20.0,94,4,2.1
Dikson,73.51,80.55,RU,3.83,3.83,3.83,97,100,6.97
Hurghada,27.26,33.81,EG,32.0,32.0,32.0,46,0,3.1
Vardø,70.37,31.11,NO,8.0,8.0,8.0,75,75,5.7
Pisco,-13.7,-76.22,PE,15.24,15.0,15.56,93,90,0.46
Comodoro Rivadavia,-45.87,-67.5,AR,2.0,2.0,2.0,80,0,6.7
Gombe,10.29,11.17,NG,22.79,22.79,22.79,86,61,4.04
Baoding,38.85,115.49,CN,31.91,31.91,31.91,46,49,2.66
Port Moresby,-9.44,147.18,PG,30.0,30.0,30.0,74,40,9.3
Nandu,22.85,110.82,CN,31.11,31.11,31.11,41,9,2.53
Estelle,29.85,-90.11,US,26.68,25.0,28.0,94,1,2.64
Pasni,25.26,63.47,PK,29.39,29.39,29.39,73,24,4.52
Hithadhoo,-0.6,73.08,MV,29.51,29.51,29.51,67,94,2.48
Phibun Mangsahan,15.24,105.23,TH,33.94,33.89,34.0,59,75,1.5
Cabo San Lucas,22.89,-109.91,MX,29.08,28.33,30.0,52,23,1.34
Yakima,46.47,-120.67,US,19.94,19.44,21.0,37,1,5.1
Kyshtovka,56.55,76.63,RU,23.39,23.39,23.39,60,9,5.18
Don Luan,11.53,106.92,VN,31.77,31.77,31.77,64,74,2.11
Yar-Sale,66.83,70.83,RU,14.77,14.77,14.77,49,66,9.6
Tiarei,-17.53,-149.33,PF,23.94,23.89,24.0,94,75,3.1
Torbay,47.67,-52.73,CA,17.59,16.67,18.33,93,75,5.1
Llallagua,-18.42,-66.63,BO,1.05,1.05,1.05,63,0,0.85
Suruç,36.98,38.42,TR,29.0,29.0,29.0,30,0,7.2
San Cristobal,7.77,-72.22,VE,18.11,18.11,18.11,87,85,1.95
Kavaratti,10.57,72.64,IN,28.0,28.0,28.0,88,90,6.2
La Asuncion,11.03,-63.86,VE,27.0,27.0,27.0,94,100,5.1
Muriwai Beach,-36.82,174.45,NZ,13.71,13.33,13.89,96,100,1.41
Bang Saphan,11.21,99.51,TH,32.0,32.0,32.0,66,40,3.6
Najrān,17.49,44.13,SA,33.0,33.0,33.0,26,42,5.85
Kloulklubed,7.04,134.26,PW,29.0,29.0,29.0,74,75,4.6
Manuk Mangkaw,4.8,119.85,PH,28.78,28.78,28.78,71,97,3.08
Sisimiut,66.94,-53.67,GL,5.73,5.73,5.73,86,76,3.61
Fenoarivo,-18.93,47.44,MG,13.0,13.0,13.0,100,40,0.5
Boende,-0.22,20.87,CD,22.72,22.72,22.72,86,100,0.47
Saint-Augustin,51.23,-58.65,CA,10.63,10.63,10.63,88,100,6.44
Rayong,12.83,101.43,TH,31.0,31.0,31.0,62,40,5.7
Inhambane,-23.86,35.38,MZ,16.83,16.67,17.0,72,0,5.59
North Platte,41.12,-100.77,US,18.75,18.33,19.0,88,1,3.1
Laramie,41.31,-105.59,US,15.4,13.89,17.22,44,1,4.1
Bilma,18.69,12.92,NE,32.14,32.14,32.14,31,51,3.89
Aktash,50.3,87.73,RU,6.68,6.68,6.68,97,100,1.85
Malvern,34.36,-92.81,US,23.94,22.78,26.0,78,1,2.6
Tasiilaq,65.61,-37.64,GL,5.0,5.0,5.0,86,38,4.1
Taunggyi,20.78,97.03,MM,23.33,23.33,23.33,87,94,2.45
Pacifica,37.61,-122.49,US,12.9,11.67,14.44,76,40,4.1
Lompoc,34.64,-120.46,US,13.18,12.22,14.0,87,90,2.6
Adrar,20.5,-10.07,MR,31.47,31.47,31.47,30,0,4.78
Harlingen,26.19,-97.7,US,27.51,27.0,28.33,83,75,5.1
College,64.86,-147.8,US,15.71,13.89,18.0,63,75,1.5
Teguise,29.06,-13.56,ES,21.0,21.0,21.0,83,20,5.1
Arman',59.7,150.17,RU,18.35,18.35,18.35,61,92,3.45
Norman Wells,65.28,-126.83,CA,18.0,18.0,18.0,68,75,2.1
Pathein,16.78,94.73,MM,30.82,30.82,30.82,67,94,3.61
Isla Mujeres,21.23,-86.73,MX,26.95,25.56,28.33,83,5,2.1
Antofagasta,-23.65,-70.4,CL,11.0,11.0,11.0,87,0,1.5
Abu Dhabi,24.47,54.37,AE,39.09,37.0,40.0,28,33,4.1
Ordynskoye,54.37,81.9,RU,23.67,23.67,23.67,60,77,3.39
Zhangye,38.93,100.45,CN,32.43,32.43,32.43,20,10,2.87
Dudinka,69.41,86.18,RU,13.0,13.0,13.0,76,75,6.0
Half Moon Bay,37.46,-122.43,US,13.18,11.67,15.0,87,90,3.6
Camaná,-16.62,-72.71,PE,15.68,15.68,15.68,73,1,3.23
Andenes,69.31,16.12,NO,13.0,13.0,13.0,87,40,1.5
Ha Tinh,18.33,105.9,VN,35.68,35.68,35.68,46,4,4.02
Esim,4.87,-2.24,GH,23.61,23.61,23.61,86,62,4.6
Zemen,42.48,22.75,BG,17.89,17.78,18.0,55,20,5.7
Pitimbu,-7.47,-34.81,BR,23.54,23.54,23.54,80,14,3.22
Aksarka,66.56,67.8,RU,15.64,15.64,15.64,51,33,8.39
Jishou,28.32,109.72,CN,31.65,31.65,31.65,67,98,1.16
Severo-Kuril'sk,50.68,156.12,RU,10.5,10.5,10.5,88,96,2.85
Prince Albert,53.2,-105.77,CA,11.91,11.91,11.91,92,100,4.76
Sitka,57.05,-135.33,US,12.0,12.0,12.0,93,90,2.6
Gornyy,55.12,83.91,RU,21.77,21.77,21.77,71,20,3.45
Myaundzha,63.05,147.19,RU,22.4,22.4,22.4,56,100,1.96
Khovd,48.01,91.64,MN,17.27,17.27,17.27,51,100,4.28
Coquimbo,-29.95,-71.34,CL,8.0,8.0,8.0,100,3,2.1
Laguna,38.42,-121.42,US,19.03,18.0,20.0,68,1,3.6
Lavrentiya,65.58,-171.0,RU,9.58,9.58,9.58,63,41,3.85
Harbour Breton,47.48,-55.8,CA,14.85,14.85,14.85,97,89,1.17
Aksu,41.12,80.26,CN,27.67,27.67,27.67,31,98,2.11
Kamogawa,35.1,140.1,JP,25.28,25.0,25.56,94,75,6.7
Cap Malheureux,-19.98,57.61,MU,24.44,24.44,24.44,69,0,3.13
Mazamari,-11.33,-74.53,PE,19.57,19.57,19.57,75,19,0.94
Khorramabad,33.49,48.36,IR,32.0,32.0,32.0,17,0,2.1
Kourou,5.16,-52.65,GF,24.0,24.0,24.0,100,5,2.02
Ayagoz,47.97,80.44,KZ,21.92,21.92,21.92,51,19,8.7
Ubari,26.59,12.78,LY,24.4,24.4,24.4,36,0,4.55
Karasuk,53.74,78.04,RU,26.76,26.76,26.76,57,3,4.44
Mercedes,-34.65,-59.43,AR,0.21,-1.11,1.67,62,0,0.89
Acapulco de Juárez,16.86,-99.89,MX,26.65,26.65,26.65,76,3,1.46
Katubao,5.89,124.83,PH,33.0,33.0,33.0,46,40,3.1
Banagher,53.19,-7.99,IE,11.11,11.11,11.11,91,100,2.24
Narsaq,60.92,-46.05,GL,8.0,8.0,8.0,81,100,1.5
Yulara,-25.24,130.99,AU,20.0,20.0,20.0,14,0,5.1
Tarsus,36.92,34.88,TR,29.48,29.0,30.0,79,40,2.1
Jieshi,22.81,115.83,CN,31.72,31.72,31.72,68,5,6.34
Bonthe,7.53,-12.51,SL,24.24,24.24,24.24,91,100,5.28
Piet Retief,-27.01,30.81,ZA,8.44,8.44,8.44,46,0,3.67
Oranjestad,12.52,-70.03,AW,28.0,28.0,28.0,83,20,7.7
Tāybād,34.74,60.78,IR,35.41,35.41,35.41,13,0,5.6
Yeniseysk,58.45,92.17,RU,27.02,27.02,27.02,44,30,2.73
Yong’an,39.7,113.69,CN,27.56,27.56,27.56,39,1,3.71
Atasū,48.68,71.64,KZ,26.98,26.98,26.98,31,0,7.35
Santa Isabel,-23.32,-46.22,BR,16.5,16.0,17.0,77,0,1.5
Caimito,8.81,-75.41,CO,23.75,23.75,23.75,95,63,2.52
Bouna,9.27,-3.0,CI,21.51,21.51,21.51,94,98,4.36
Keminmaa,65.86,24.82,FI,13.0,13.0,13.0,93,20,2.1
Hoquiam,46.98,-123.89,US,13.2,13.0,13.33,87,1,1.5
Chernukha,55.6,43.76,RU,25.47,25.47,25.47,74,58,3.67
Linhares,-19.39,-40.07,BR,19.19,19.19,19.19,96,30,1.74
Palencia,42.42,-4.5,ES,15.27,15.0,15.56,54,87,2.24
Chesma,53.81,60.65,RU,27.19,27.19,27.19,56,75,3.81
Newport,51.59,-3.0,GB,15.36,14.44,16.67,98,81,1.61
Omboué,-1.57,9.26,GA,22.05,22.05,22.05,87,96,3.56
Encrucijada,22.62,-79.87,CU,24.95,24.95,24.95,83,100,1.77
Pascagoula,30.37,-88.56,US,23.76,23.33,24.0,94,1,3.12
Kruisfontein,-34.0,24.73,ZA,8.88,8.88,8.88,77,94,10.48
Luanda,-8.84,13.23,AO,20.0,20.0,20.0,100,75,0.5
Umm Kaddadah,13.6,26.69,SD,28.56,28.56,28.56,55,0,5.86
Voznesenskoye,54.89,42.76,RU,24.88,24.88,24.88,74,24,4.56
Bastrop,32.76,-91.87,US,24.62,24.0,26.0,100,1,1.65
Muros,42.78,-9.06,ES,17.78,17.78,17.78,76,75,2.68
Gien,47.69,2.63,FR,16.11,16.11,16.11,66,61,2.24
Yagodnoye,62.55,149.67,RU,25.19,25.19,25.19,41,100,2.1
Koróni,36.8,21.95,GR,26.16,25.0,27.22,69,40,1.57
Maputo,-25.97,32.59,MZ,14.91,11.67,16.67,38,0,1.0
Birao,10.28,22.79,CF,22.73,22.73,22.73,89,84,3.49
Dvinskoy,62.15,45.12,RU,14.81,14.81,14.81,98,100,1.93
Vostok,46.49,135.88,RU,20.64,20.64,20.64,93,76,1.15
Menongue,-14.66,17.69,AO,8.67,8.67,8.67,49,0,1.34
Tibati,6.47,12.63,CM,19.42,19.42,19.42,96,100,1.28
North Amityville,40.7,-73.43,US,23.35,21.11,25.56,53,90,1.5
Port Blair,11.67,92.75,IN,28.79,28.79,28.79,76,85,5.8
Chu,43.6,73.76,KZ,33.91,33.91,33.91,17,41,8.25
Tilichiki,60.47,166.1,RU,11.76,11.76,11.76,87,56,4.17
Mossamedes,-15.2,12.15,AO,16.64,16.64,16.64,79,0,0.36
Buraidah,26.33,43.98,SA,34.0,34.0,34.0,34,0,8.7
Mudgee,-32.59,149.59,AU,14.17,14.0,14.44,54,90,5.7
Zatoka,46.07,30.47,UA,19.0,19.0,19.0,52,0,7.0
Novyy Urgal,51.07,132.56,RU,32.27,32.27,32.27,41,11,0.67
Dzhebariki-Khaya,62.22,135.8,RU,28.65,28.65,28.65,47,43,2.8
Hamilton,39.18,-84.53,US,19.21,17.22,21.11,93,1,1.39
Alyangula,-13.85,136.42,AU,23.76,23.76,23.76,66,52,5.98
Ketchikan,55.34,-131.65,US,14.0,14.0,14.0,87,90,4.6
Mount Isa,-20.73,139.5,AU,23.0,23.0,23.0,13,50,4.6
Kula,38.55,28.65,TR,21.67,21.67,21.67,46,0,2.68
Vuktyl,63.86,57.31,RU,17.09,17.09,17.09,47,68,1.92
Calvinia,-31.47,19.78,ZA,2.89,2.89,2.89,92,99,6.69
Vestmannaeyjar,63.44,-20.27,IS,11.03,11.03,11.03,88,100,6.07
Gorontalo,0.54,123.06,ID,29.12,29.12,29.12,76,10,2.41
Mocuba,-16.84,36.99,MZ,19.11,19.11,19.11,72,0,1.34
Esperanza,19.58,-70.98,DO,27.22,27.22,27.22,84,31,1.79
Touros,-5.2,-35.46,BR,20.0,20.0,20.0,94,0,2.1
Beloha,-25.17,45.05,MG,19.34,19.34,19.34,70,10,1.55
Bamiantong,44.93,130.53,CN,28.35,28.35,28.35,44,0,2.25
Mokrousovo,55.81,66.77,RU,28.01,28.01,28.01,61,22,0.63
Mount Gambier,-37.83,140.77,AU,13.0,13.0,13.0,71,40,3.6
Faanui,-16.48,-151.75,PF,26.28,26.28,26.28,82,45,4.72
Zhezkazgan,47.8,67.71,KZ,30.0,30.0,30.0,22,0,10.0
Şabrātah,32.79,12.49,LY,27.05,27.05,27.05,38,0,1.75
Voh,-20.97,164.7,NC,23.32,23.32,23.32,68,98,0.8
Surat,21.17,72.83,IN,30.32,30.32,30.32,71,97,6.79
Nortelândia,-14.45,-56.8,BR,22.76,22.76,22.76,50,0,1.29
Bariloche,-41.15,-71.31,AR,-3.0,-3.0,-3.0,79,40,1.5
Derzhavīnsk,51.1,66.32,KZ,28.12,28.12,28.12,35,0,3.9
Pontianak,-0.03,109.33,ID,28.9,28.9,28.9,72,98,3.34
Vila Franca do Campo,37.72,-25.43,PT,18.0,18.0,18.0,88,20,2.6
Kerewan,13.49,-16.09,GM,25.0,25.0,25.0,94,40,3.6
Beringovskiy,63.05,179.32,RU,11.0,11.0,11.0,86,41,2.17
Solnechnyy,50.72,136.63,RU,25.59,25.59,25.59,42,9,2.7
Province of Mantua,45.17,10.78,IT,20.39,20.0,20.56,64,10,2.24
Ust'-Omchug,61.15,149.63,RU,25.18,25.18,25.18,42,98,3.81
Kapit,2.02,112.93,MY,30.08,30.08,30.08,62,100,1.64
Pangkalanbuun,-2.68,111.62,ID,28.25,28.25,28.25,85,74,1.77
Bonaventure,48.05,-65.49,CA,13.82,13.33,14.0,100,90,3.6
Urusha,54.05,122.9,RU,31.63,31.63,31.63,34,51,1.75
Catemaco,18.42,-95.12,MX,22.97,22.97,22.97,75,23,0.28
Nelson Bay,-32.72,152.15,AU,15.5,14.0,16.67,87,75,8.2
Akureyri,65.68,-18.09,IS,10.0,10.0,10.0,93,90,1.0
Fukuechō,32.69,128.84,JP,24.0,24.0,24.0,78,75,2.6
Ojinaga,29.57,-104.42,MX,32.16,31.11,33.0,14,1,1.5
Sibolga,1.74,98.78,ID,30.21,30.21,30.21,58,100,2.38
Terra Nova,-12.37,-40.67,BR,16.03,16.03,16.03,98,90,0.58
Chërnaya Kholunitsa,58.85,51.72,RU,23.72,23.72,23.72,75,84,4.33
Namatanai,-3.67,152.43,PG,28.54,28.54,28.54,71,100,3.23
Maniitsoq,65.42,-52.9,GL,6.11,6.11,6.11,86,21,6.16
Vallenar,-28.57,-70.76,CL,13.28,13.28,13.28,61,0,0.2
Humberto de Campos,-2.6,-43.46,BR,22.97,22.97,22.97,93,52,1.4
Westport,41.14,-73.36,US,21.9,20.0,23.0,69,20,3.1
Zaozyornoye,45.16,33.28,UA,19.72,19.72,19.72,63,86,7.55
Gangāpur,26.48,76.72,IN,38.37,38.37,38.37,33,77,5.88
Tegul'det,57.31,88.17,RU,26.13,26.13,26.13,49,19,3.21
Bairiki Village,1.33,172.98,KI,30.0,30.0,30.0,66,75,1.5
Portland,45.52,-122.68,US,18.13,16.67,20.0,63,1,5.1
Nishihara,26.18,127.76,JP,31.66,30.0,33.0,66,75,7.7
Waingapu,-9.66,120.26,ID,28.15,28.15,28.15,62,32,8.6
Mūdbidri,13.08,74.98,IN,25.0,25.0,25.0,94,75,2.6
Balikpapan,-1.27,116.83,ID,30.38,30.38,30.38,62,25,1.52
Arkhangelsk,64.54,40.54,RU,13.0,13.0,13.0,100,75,2.0
Ondjiva,-17.07,15.73,AO,7.2,7.2,7.2,43,0,1.87
Jinchang,38.5,102.17,CN,29.46,29.46,29.46,26,23,5.87
Mayo,38.89,-76.51,US,22.18,20.0,25.0,73,20,2.06
Darhan,49.49,105.92,MN,28.96,28.96,28.96,42,80,1.46
Prince Rupert,54.32,-130.32,CA,15.0,15.0,15.0,67,90,0.6
Waitara,-38.92,174.25,NZ,9.44,9.44,9.44,92,94,2.68
Apiaí,-24.51,-48.84,BR,15.22,15.22,15.22,100,76,0.4
Naryan-Mar,67.67,53.09,RU,11.37,11.37,11.37,68,94,2.38
Khorixas,-20.37,14.97,NA,9.85,9.85,9.85,37,0,2.62
Dali,25.7,100.18,CN,23.79,23.79,23.79,59,97,2.3
Maumere,-8.62,122.21,ID,27.88,27.88,27.88,60,1,2.68
Mīnāb,27.15,57.08,IR,36.0,36.0,36.0,60,40,6.2
Coahuayana Viejo,18.73,-103.68,MX,25.21,25.21,25.21,81,76,1.28
Oktyabr'skiy,54.48,53.47,RU,27.95,27.95,27.95,65,56,3.85
Kavieng,-2.57,150.8,PG,29.03,29.03,29.03,69,84,3.39
San Patricio,19.22,-104.7,MX,25.83,25.83,25.83,81,77,1.4
Walvis Bay,-22.96,14.51,NA,8.9,7.0,11.11,100,90,1.5
Tsabong,-26.02,22.4,BW,2.77,2.77,2.77,86,0,6.56
Rio Grande,-32.03,-52.1,BR,1.67,1.67,1.67,89,0,6.44
Gordeyevka,52.96,31.97,RU,12.7,12.7,12.7,88,100,6.28
Matara,5.95,80.54,LK,30.39,30.39,30.39,67,100,5.04
Nuquí,5.71,-77.27,CO,25.11,25.11,25.11,85,100,1.26
Marabu,4.41,114.01,MY,30.52,30.0,31.0,70,40,3.1
Chincha Alta,-13.41,-76.13,PE,15.27,15.0,15.56,93,90,0.27
Port Said,31.26,32.28,EG,26.0,26.0,26.0,78,40,1.5
Mehamn,71.04,27.85,NO,8.0,8.0,8.0,87,75,3.1
Port Hedland,-20.32,118.57,AU,28.0,28.0,28.0,26,0,5.1
Alcains,39.92,-7.46,PT,22.86,20.56,24.44,43,44,1.79
Hebi,35.9,114.19,CN,28.33,28.33,28.33,60,99,5.36
Samfya,-11.36,29.56,ZM,16.22,16.22,16.22,63,1,3.85
Bull Savanna,17.89,-77.59,JM,25.04,25.04,25.04,84,8,1.64
Zabaykal'sk,49.63,117.32,RU,26.96,26.96,26.96,48,100,4.39
Gravdal,68.12,13.5,NO,13.0,13.0,13.0,82,40,5.1
Ambāgarh Chauki,20.78,80.72,IN,26.92,26.92,26.92,80,99,2.66
Hermosillo,29.07,-110.97,MX,30.97,30.0,31.67,53,77,0.45
Muhafazat Lahij,13.17,44.58,YE,30.32,30.32,30.32,59,65,2.8
Teluk Nibung,3.0,99.82,ID,30.25,30.25,30.25,63,100,3.58
Caparrapí,5.35,-74.49,CO,16.31,16.31,16.31,100,83,1.49
Fairbanks,64.84,-147.72,US,15.67,13.89,18.0,59,90,2.6
Sambava,-14.27,50.17,MG,23.23,23.23,23.23,62,46,3.29
Cabra,37.47,-4.44,ES,23.89,23.89,23.89,55,0,1.4
Avera,33.19,-82.53,US,23.78,23.0,25.0,94,40,1.5
Maxixe,-23.86,35.35,MZ,16.82,16.67,17.0,72,0,5.26
Richards Bay,-28.78,32.04,ZA,18.21,18.21,18.21,67,5,3.6
Abomsa,9.98,39.98,ET,26.0,26.0,26.0,48,91,2.44
Changping,40.22,116.22,CN,35.72,33.0,37.22,43,20,3.0
Suoyarvi,62.08,32.35,RU,16.95,16.95,16.95,59,0,2.45
Kizema,61.11,44.83,RU,19.19,19.19,19.19,95,99,1.36
Sojat,25.92,73.67,IN,35.22,35.22,35.22,45,18,3.01
Sadovoye,47.78,44.51,RU,24.28,24.28,24.28,62,100,4.65
Tambun,-6.26,107.07,ID,27.33,26.67,28.0,83,40,2.1
Poum,-20.23,164.02,NC,23.52,23.52,23.52,77,73,6.7
Masuguru,-11.37,38.42,TZ,22.81,22.81,22.81,66,54,2.4
Caravelas,-17.71,-39.25,BR,20.22,20.22,20.22,92,50,1.46
Nara,34.69,135.8,JP,25.02,24.0,26.0,78,75,4.1
Māngrol,21.12,70.12,IN,29.59,29.59,29.59,75,95,7.45
Palaia Fokaia,37.72,23.95,GR,23.93,23.89,24.0,53,0,7.7
Arroio dos Ratos,-30.08,-51.73,BR,8.29,5.56,9.44,66,0,2.6
Piaçabuçu,-10.41,-36.43,BR,22.91,22.91,22.91,88,19,2.69
Dhidhdhoo,6.88,73.1,MV,29.25,29.25,29.25,71,92,3.53
Talcahuano,-36.72,-73.12,CL,6.0,6.0,6.0,87,2,2.6
San Luis Potosí,22.5,-100.5,MX,19.36,17.0,22.78,59,5,3.1
Lubango,-14.92,13.49,AO,13.0,13.0,13.0,36,0,1.88
Salinópolis,-0.61,-47.36,BR,25.41,25.41,25.41,86,19,4.16
Savonlinna,61.87,28.88,FI,14.0,14.0,14.0,67,57,3.1
Moisei,47.66,24.54,RO,14.41,14.41,14.41,56,0,0.78
Rocky Mountain House,52.37,-114.92,CA,10.75,10.75,10.75,59,97,3.64
Raahe,64.68,24.48,FI,12.93,12.78,13.0,93,75,1.5
Orcopampa,-15.27,-72.34,PE,5.44,5.44,5.44,55,1,1.16
Lithakia,37.72,20.83,GR,25.0,25.0,25.0,69,20,2.74
Nanning,22.82,108.32,CN,35.0,35.0,35.0,53,40,1.0
Piney Green,34.72,-77.32,US,22.13,20.56,23.89,94,1,2.1
Erzin,36.96,36.2,TR,27.78,27.78,27.78,82,26,2.01
Arinos,-15.92,-46.11,BR,15.3,15.3,15.3,52,3,0.63
Bambari,5.77,20.68,CF,21.22,21.22,21.22,96,100,1.13
Shenjiamen,29.96,122.3,CN,25.47,25.47,25.47,84,99,3.01
Dongli,23.57,116.82,CN,38.0,38.0,38.0,47,20,1.0
Naze,28.37,129.48,JP,32.02,31.0,33.0,63,75,6.2
Bay Roberts,47.6,-53.26,CA,16.23,15.56,16.67,1,64,4.45
Paldiski,59.36,24.05,EE,15.27,15.0,15.56,72,40,1.0
Filingué,14.35,3.32,NE,29.03,29.03,29.03,64,98,6.13
Hobe Sound,27.06,-80.14,US,27.44,26.67,28.0,83,1,2.1
Humaitá,-7.51,-63.02,BR,22.65,22.65,22.65,90,34,0.72
Smithers,54.78,-127.17,CA,12.0,12.0,12.0,66,1,1.0
Mwingi,-0.93,38.06,KE,21.05,21.05,21.05,59,45,3.38
Altamont,42.21,-121.74,US,16.87,15.56,18.0,48,1,3.6
Elbistan,38.21,37.2,TR,21.29,21.29,21.29,46,0,0.88
Rocha,-34.48,-54.33,UY,3.19,3.19,3.19,76,0,5.06
Acaraú,-2.89,-40.12,BR,23.68,23.68,23.68,83,44,5.7
Kulhudhuffushi,6.62,73.07,MV,29.21,29.21,29.21,70,66,3.08
Pandan,14.05,124.17,PH,31.02,31.02,31.02,66,42,1.93
Itarema,-2.92,-39.92,BR,23.73,23.73,23.73,83,32,5.36
Margate,51.38,1.39,GB,16.75,16.11,17.22,88,100,0.45
Mbale,1.08,34.17,UG,20.76,20.76,20.76,76,98,0.55
Suez,29.97,32.53,EG,25.88,25.88,25.88,62,0,2.91
Pemangkat,1.17,108.97,ID,24.99,24.99,24.99,89,100,2.91
Maraã,-1.83,-65.37,BR,21.98,21.98,21.98,96,35,0.92
Neyshabur,36.21,58.8,IR,30.45,30.45,30.45,18,2,1.13
Paine,-33.82,-70.75,CL,7.0,7.0,7.0,93,4,1.0
Okakarara,-20.58,17.43,NA,5.59,5.59,5.59,47,0,1.51
Roald,62.58,6.13,NO,12.41,11.67,13.0,82,75,1.5
Lukulu,-14.37,23.24,ZM,11.62,11.62,11.62,44,0,2.16
Hualmay,-11.1,-77.61,PE,15.72,15.72,15.72,87,1,3.19
Berdigestyakh,62.1,126.7,RU,28.58,28.58,28.58,32,0,2.88
Alofi,-19.06,-169.92,NU,22.0,22.0,22.0,60,46,6.2
Navsari,20.95,72.93,IN,29.87,29.87,29.87,73,96,7.39
Nizwá,22.93,57.53,OM,35.84,35.84,35.84,33,0,2.34
Belūsovka,50.13,82.52,KZ,20.0,20.0,20.0,77,75,2.0
Iberia,29.95,-91.75,US,26.64,26.0,27.0,88,1,3.59
Pandan Niog,6.23,120.56,PH,28.46,28.46,28.46,70,97,2.62
Qandala,11.47,49.87,SO,33.78,33.78,33.78,46,61,2.3
Nāmagiripettai,11.47,78.27,IN,32.0,32.0,32.0,55,20,3.1
Biak,-0.91,122.88,ID,27.38,27.38,27.38,76,61,1.52
Lakeside,30.13,-81.77,US,26.55,26.0,27.22,83,1,2.1
Auki,-8.77,160.7,SB,28.6,28.6,28.6,70,100,1.53
Iralaya,15.0,-83.23,HN,26.73,26.73,26.73,85,63,5.21
Sakakah,29.97,40.21,SA,31.0,31.0,31.0,22,0,2.6
Peniche,39.36,-9.38,PT,17.8,17.22,18.33,84,10,2.24
Santa Maria,-29.68,-53.81,BR,4.47,4.47,4.47,89,0,1.03
Gaoua,10.3,-3.25,BF,22.65,22.65,22.65,91,98,3.31
Libertador General San Martín,-23.81,-64.79,AR,16.67,16.67,16.67,64,99,1.29
Palmares do Sul,-30.26,-50.51,BR,8.32,8.32,8.32,66,0,5.48
Port Macquarie,-31.43,152.92,AU,14.2,14.0,14.44,87,75,8.7
Liverpool,53.41,-2.98,GB,13.61,13.33,14.0,76,75,3.6
Locri,38.24,16.26,IT,24.77,24.0,25.0,83,20,2.6
Banda Aceh,5.56,95.32,ID,29.31,29.31,29.31,71,78,3.05
Port Lincoln,-34.73,135.87,AU,14.41,14.41,14.41,66,0,5.36
Chiradzulu,-15.67,35.14,MW,20.0,20.0,20.0,64,0,1.0
Hukuntsi,-24.0,21.75,BW,2.87,2.87,2.87,94,0,4.17
Kita,13.03,-9.49,ML,21.96,21.96,21.96,90,100,1.52
Khāsh,28.22,61.22,IR,33.82,33.82,33.82,23,0,2.25
Santa Cruz de la Sierra,-17.8,-63.17,BO,21.0,21.0,21.0,88,75,4.1
Diffa,13.32,12.61,NE,28.89,28.89,28.89,57,30,6.84
